usuario,genero_musical,artistas_favoritos,descricao,energy,valence,acousticness,danceability
usuario_01,Rock/Metal,"AC/DC, AJR, Aerosmith, Alejandro Fernández, Alejandro Fernández;Christina Aguilera","Artistas favoritos: AC/DC, AJR, Aerosmith, Alejandro Fernández, Alejandro Fernández;Christina Aguilera. Gêneros predominantes: rock, metal, hard rock. Prefere músicas intensas e com alta energia.",0.75,0.485,0.131,0.525
usuario_02,Pop/Dance,"24kGoldn;iann dior, A.R. Rahman, A.R. Rahman;A. R. Reihana;Bamba Bakya, A.R. Rahman;Antara Nandy, A.R. Rahman;Arijit Singh","Artistas favoritos: 24kGoldn;iann dior, A.R. Rahman, A.R. Rahman;A. R. Reihana;Bamba Bakya, A.R. Rahman;Antara Nandy, A.R. Rahman;Arijit Singh. Gêneros predominantes: pop, dance pop, electropop.",0.648,0.532,0.291,0.632
usuario_03,Hip-Hop/Rap,"50 Cent, A$AP Rocky;Skepta, AFKAP, AP Dhillon, AP Dhillon;Amari","Artistas favoritos: 50 Cent, A$AP Rocky;Skepta, AFKAP, AP Dhillon, AP Dhillon;Amari. Gêneros predominantes: hip-hop, rap, trap. Valoriza músicas com ritmo dançante.",0.692,0.542,0.212,0.722
usuario_04,Jazz/Blues,"48th St. Collective, Alice Babs;Titti, Andien, Anita Baker, Anthony Lazaro","Artistas favoritos: 48th St. Collective, Alice Babs;Titti, Andien, Anita Baker, Anthony Lazaro. Gêneros predominantes: jazz, blues.",0.511,0.523,0.447,0.565
usuario_05,Eletrônico/Ambient,"1988;Kukon, 22 Void Beats;Sneaky Ollie;Milano The Don, 22 Void Beats;Sneaky Ollie;Peter Piffen, 3LAU;Bright Lights, 3LAU;Justin Caruso;Iselin","Artistas favoritos: 1988;Kukon, 22 Void Beats;Sneaky Ollie;Milano The Don, 22 Void Beats;Sneaky Ollie;Peter Piffen, 3LAU;Bright Lights, 3LAU;Justin Caruso;Iselin. Gêneros predominantes: electronic, ambient, techno.",0.679,0.36,0.199,0.625
usuario_06,Folk/Indie,"10cc, 3x7 Veintiuna, 92914, AHYRE;Abel Pintos, ANAVITÓRIA","Artistas favoritos: 10cc, 3x7 Veintiuna, 92914, AHYRE;Abel Pintos, ANAVITÓRIA. Gêneros predominantes: folk, indie, indie folk.",0.546,0.478,0.445,0.582
usuario_07,Clássica,"A. Kanyakumari;Janardan Mitta, Academy of St. Martin in the Fields;Sir Neville Marriner, Ajoy Chakrabarty;Parveen Sultana, Akira Kosemura, Andrea Bocelli","Artistas favoritos: A. Kanyakumari;Janardan Mitta, Academy of St. Martin in the Fields;Sir Neville Marriner, Ajoy Chakrabarty;Parveen Sultana, Akira Kosemura, Andrea Bocelli. Gêneros predominantes: classical, opera. Prefere músicas calmas e tranquilas. Aprecia músicas melancólicas e introspectivas. Tem preferência por sons acústicos.",0.228,0.253,0.882,0.326
usuario_08,Sertanejo/MPB,"Almir Sater, Almir Sater;Renato Teixeira, Althaír & Alexandre, Amado Batista, Amado Batista;Eduardo Costa","Artistas favoritos: Almir Sater, Almir Sater;Renato Teixeira, Althaír & Alexandre, Amado Batista, Amado Batista;Eduardo Costa. Gêneros predominantes: sertanejo, mpb, brazilian.",0.645,0.588,0.441,0.596
usuario_09,R&B/Soul,"22Gz, 22Gz;Kodak Black, 509-E;Dexter;Afro-X, 7 Minutoz, 7 Minutoz;Dk 47","Artistas favoritos: 22Gz, 22Gz;Kodak Black, 509-E;Dexter;Afro-X, 7 Minutoz, 7 Minutoz;Dk 47. Gêneros predominantes: r-n-b, soul, funk.",0.605,0.58,0.332,0.679
usuario_10,Punk/Alternativo,"175R, 2 minutos, 3OH!3, 3OH!3;Katy Perry;Matt Squire, A Day To Remember","Artistas favoritos: 175R, 2 minutos, 3OH!3, 3OH!3;Katy Perry;Matt Squire, A Day To Remember. Gêneros predominantes: punk, punk rock, alternative. Prefere músicas intensas e com alta energia.",0.768,0.509,0.107,0.525
